,age,sex,bmi,bp,s1,s2,s3,s4,s5,s6
0,0.038075906433423026,0.05068011873981862,0.061696206518683294,0.0218723855140367,-0.04422349842444599,-0.03482076283769895,-0.04340084565202491,-0.002592261998183278,0.019907486170462722,-0.01764612515980379
1,-0.0018820165277906047,-0.044641636506989144,-0.051474061238800654,-0.02632752814785296,-0.008448724111216851,-0.019163339748222204,0.07441156407875721,-0.03949338287409329,-0.0683315470939731,-0.092204049626824
2,0.08529890629667548,0.05068011873981862,0.04445121333659049,-0.00567042229275739,-0.04559945128264711,-0.03419446591411989,-0.03235593223976409,-0.002592261998183278,0.002861309289833047,-0.025930338989472702
3,-0.0890629393522567,-0.044641636506989144,-0.011595014505211082,-0.03665608107540074,0.01219056876179996,0.02499059336410222,-0.036037570043851025,0.03430885887772673,0.022687744966501246,-0.009361911330134878
4,0.005383060374248237,-0.044641636506989144,-0.03638469220446948,0.0218723855140367,0.003934851612593237,0.015596139510416171,0.008142083605192267,-0.002592261998183278,-0.03198763948805312,-0.04664087356364498
